Workbook
Name h_bottom: 'Quick Data Sheet'!$N$8:$O$8
Name h_upper: 'Quick Data Sheet'!$I$5:$J$5

Sheet Quick Data Sheet
A1: Convective coefficient Calculator | K1: Please, only fill the yellow cells and leave the others untouched.
A4: Prepared By: Dr. Saud T. Al Jadir | H4: Mixed convection coefficient
H5: h = | I5: =Calculations!B26 -> 22.449154 | J5: W m^-2 K^-1
E6: Air flow
E7: =Calculations!A4 -> U͚ = | F7: 4 | G7: =Calculations!C4 -> m/s | M7: Mixed convection coefficient
E8: =Calculations!A5 -> T͚ = | F8: 30 | G8: =Calculations!C5 -> °C | M8: h= | N8: =Calculations!B36 -> 11.227469 | O8: W m^-2 K^-1
M12: Collector Specifications
M13: L= | N13: 1.8 | O13: m | P13: Length
M14: W= | N14: 0.6 | O14: m | P14: Width
M15: β = | N15: 45 | O15: ° | P15: Slop angle
M16: Ts= | N16: 50 | O16: °C | P16: Assumed surface temperature.

Sheet Calculations
A1: Calculations of Mixed Convective coefficient
A3: Ambient Conditions | F3: Collector Specifications
A4: U͚ = | B4: ='Quick Data Sheet'!F7 -> 4 | C4: m/s | D4: Wind velocity | F4: L= | G4: ='Quick Data Sheet'!N13 -> 1.8 | H4: m | I4: Length
A5: T͚ = | B5: ='Quick Data Sheet'!F8 -> 30 | C5: °C | D5: Ambient temperature | F5: W= | G5: ='Quick Data Sheet'!N14 -> 0.6 | H5: m | I5: Width
F6: β = | G6: ='Quick Data Sheet'!N15 -> 45 | H6: ° | I6: Slop angle
F7: Ts= | G7: ='Quick Data Sheet'!N16 -> 50 | H7: °C | I7: Assumed surface temperature.
A10: Air thermophysical properties
A11: T [K] | B11: ρ [kg/m^3] | C11: μ [N.s/m^2] | D11: k [W/m.K] | E11: Cp [J/kg.K] | F11: Pr
A12: =B5+273.15 -> 303.15 | B12: =101325/(A12*287) -> 1.164601 | C12: =(4.112685*10^(-6))+(5.052295*(10^(-8))*(A12))-(1.43462*(10^(-11))*(A12^2))+(2.591403*(10^(-15))*(A12^3)) -> 1.8182498e-05 | D12: =0.02624*(A12/300)^0.8646 -> 0.026478046 | E12: =1002.5+(275*(10^-6)*((A12-200)^2)) -> 1005.426 | F12: =(C12*E12)/D12 -> 0.69042691
A14: Wind flow regime
A15: Re = | B15: =(B12*B4*G4)/C12 -> 461164.74 | C15: Reynold's number indicates that it's | F15: =IF(B15<(5*10^5),"Laminar","Turbulent") -> Laminar | G15: flow
A17: Convective heat transfer/ UPPER Surface
A18: Forced Convection Parameters | D18: Natural Convection Parameters
A19: h= | B19: =B20*D12/G4 -> 22.465013 | C19: W/m2.K | D19: For | E19: =IF(G6=0,"horizontal",IF(G6<90,"inclined","vertical")) -> inclined | F19: surface
A20: Nu = | B20: =0.13*(B15^0.703)*((1+SIN(RADIANS(G6)))^0.38) -> 1527.1906 | D20: Gr = | E20: =9.81*(1/((G7+273.15+A12)/2))*(G7+273.15-A12)*(G4^3)*(B12^2)/(C12^2) -> 1.4990334e+10
D21: Ra= | E21: =E20*F12 -> 1.034973e+10 | G21: <45 | H21: >45
D22: NuL= | E22: =IF(G6<45,G22,H22) -> 66.008172 | G22: =0.7386*((1+COS(RADIANS(G6)))^0.4575)*E21^0.1826 -> 63.590847 | H22: =5.4412*((1+COS(RADIANS(G6)))^(-0.085))*E21^0.1102 -> 66.008172
D23: h= | E23: =E22*D12/G4 -> 0.9709819
A24: Mixed Convective coefficient
A25: Nu = | B25: =(((B19*G4/D12)^3)+(E22^3))^0.3333 -> 1526.1125
A26: h= | B26: =B25*D12/G4 -> 22.449154 | C26: W/m2.K
A27: Convective heat transfer/ BOTTOM Surface
A28: Forced Convection Parameters | D28: Natural Convection Parameters
A29: h= | B29: =B19*((90-G6)/90) -> 11.232507 | C29: W/m2.K | D29: For | E29: =IF(G6=0,"horizontal",IF(G6<90,"inclined","vertical")) -> inclined | F29: surface
D30: Gr = | E30: =9.81*(1/((G7+273.15+A12)/2))*(G7+273.15-A12)*(G4^3)*(B12^2)/(C12^2) -> 1.4990334e+10
D31: Ra= | E31: =E30*F12 -> 1.034973e+10 | G31: <45 | H31: >45 | I31: =0 -> 0
D32: NuL= | E32: =IF(G6=0,I32,IF(0<G6<46,G32,H32)) -> 66.008172 | G32: =0.7386*((1+COS(RADIANS(G6)))^0.4575)*E31^0.1826 -> 63.590847 | H32: =5.4412*((1+COS(RADIANS(G6)))^(-0.085))*E31^0.1102 -> 66.008172 | I32: =0.27*(E31^0.25) -> 86.118413
D33: h= | E33: =E32*D12/G4 -> 0.9709819
A34: Mixed Convective coefficient
A35: Nu = | B35: =(((B29*G4/D12)^3)+(E32^3))^0.3333 -> 763.25286
A36: h= | B36: =B35*D12/G4 -> 11.227469 | C36: W/m2.K
